{"cameraMode":{"drawMode":0,"name":"Shaded","section":"Shading Mode"},"sceneLighting":false,"audioPlay":false,"sceneViewState":{"showFog":true,"showMaterialUpdate":false,"showSkybox":false,"showFlares":true,"showImageEffects":true,"showParticleSystems":true},"in2DMode":false,"pivot":{"x":-1.9759999513626099,"y":-0.015007469803094864,"z":-2.0515191555023195},"rotation":{"x":0.07364030927419663,"y":0.8698480725288391,"z":-0.13680772483348847,"w":0.46821728348731997},"size":0.7835579514503479,"orthographic":true}