{"cameraMode":{"drawMode":0,"name":"Shaded","section":"Shading Mode"},"sceneLighting":false,"audioPlay":false,"sceneViewState":{"showFog":true,"showMaterialUpdate":false,"showSkybox":false,"showFlares":true,"showImageEffects":true,"showParticleSystems":true},"in2DMode":false,"pivot":{"x":0.030797481536865236,"y":0.8541287183761597,"z":-0.003290235996246338},"rotation":{"x":0.08545859903097153,"y":-0.6952418684959412,"z":0.08383218944072724,"w":0.7087384462356567},"size":2.995898723602295,"orthographic":true}