{"cameraMode":{"drawMode":0,"name":"Shaded","section":"Shading Mode"},"sceneLighting":false,"audioPlay":false,"sceneViewState":{"showFog":true,"showMaterialUpdate":false,"showSkybox":false,"showFlares":true,"showImageEffects":true,"showParticleSystems":true},"in2DMode":false,"pivot":{"x":0.026206836104393007,"y":1.5487557649612427,"z":0.18460828065872193},"rotation":{"x":-0.04262286797165871,"y":0.9559531211853027,"z":-0.17691902816295625,"w":-0.23031160235404969},"size":0.5817086100578308,"orthographic":true}