{"cameraMode":{"drawMode":0,"name":"Shaded","section":"Shading Mode"},"sceneLighting":false,"audioPlay":false,"sceneViewState":{"showFog":true,"showMaterialUpdate":false,"showSkybox":false,"showFlares":true,"showImageEffects":true,"showParticleSystems":true},"in2DMode":false,"pivot":{"x":-1.9759998321533204,"y":-0.015081813558936119,"z":-2.006671905517578},"rotation":{"x":0.1296936422586441,"y":-0.2998615503311157,"z":0.04118723049759865,"w":0.9442281126976013},"size":0.21456682682037354,"orthographic":true}