{"cameraMode":{"drawMode":0,"name":"Shaded","section":"Shading Mode"},"sceneLighting":true,"audioPlay":false,"sceneViewState":{"showFog":true,"showMaterialUpdate":false,"showSkybox":true,"showFlares":true,"showImageEffects":true,"showParticleSystems":true},"in2DMode":false,"pivot":{"x":-10.508500099182129,"y":-16.769689559936525,"z":8.56833267211914},"rotation":{"x":0.25948837399482729,"y":0.007242754567414522,"z":-0.0019465740770101548,"w":0.9657178521156311},"size":59.955955505371097,"orthographic":false}