{"cameraMode":{"drawMode":0,"name":"Shaded","section":"Shading Mode"},"sceneLighting":true,"audioPlay":false,"sceneViewState":{"showFog":true,"showMaterialUpdate":false,"showSkybox":true,"showFlares":true,"showImageEffects":true,"showParticleSystems":true},"in2DMode":false,"pivot":{"x":0.8037227392196655,"y":1.3719159364700318,"z":-3.0232648849487306},"rotation":{"x":-0.011402103118598462,"y":-0.9882957339286804,"z":0.11916793882846832,"w":-0.09455854445695877},"size":3.915757894515991,"orthographic":false}