{"cameraMode":{"drawMode":0,"name":"Shaded","section":"Shading Mode"},"sceneLighting":true,"audioPlay":false,"sceneViewState":{"showFog":true,"showMaterialUpdate":false,"showSkybox":true,"showFlares":true,"showImageEffects":true,"showParticleSystems":true},"in2DMode":false,"pivot":{"x":3.01375675201416,"y":1.60184907913208,"z":-4.102619171142578},"rotation":{"x":-0.09705868363380432,"y":0.8881508708000183,"z":-0.220171719789505,"w":-0.39152511954307558},"size":13.867852210998536,"orthographic":false}