{"cameraMode":{"drawMode":0,"name":"Shaded","section":"Shading Mode"},"sceneLighting":true,"audioPlay":false,"sceneViewState":{"showFog":true,"showMaterialUpdate":false,"showSkybox":true,"showFlares":true,"showImageEffects":true,"showParticleSystems":true},"in2DMode":false,"pivot":{"x":82.44190979003906,"y":9.772553443908692,"z":-66.7596664428711},"rotation":{"x":-0.0021015203092247249,"y":0.8840635418891907,"z":0.003978833556175232,"w":0.46735361218452456},"size":126.84114074707031,"orthographic":false}