{"cameraMode":{"drawMode":0,"name":"Shaded","section":"Shading Mode"},"sceneLighting":true,"audioPlay":false,"sceneViewState":{"showFog":true,"showMaterialUpdate":false,"showSkybox":true,"showFlares":true,"showImageEffects":true,"showParticleSystems":true},"in2DMode":false,"pivot":{"x":-53.93195343017578,"y":1.9764455556869507,"z":-68.084228515625},"rotation":{"x":-0.017879696562886239,"y":-0.5242757201194763,"z":-0.011011414229869843,"w":0.851289689540863},"size":6.051269054412842,"orthographic":false}